game_id,home_team,away_team,home_flagrants,away_flagrants,home_score,away_score
42300405,1610612738,1610612742,0,0,106.0,88.0
42300404,1610612742,1610612738,0,0,122.0,84.0
42300403,1610612742,1610612738,0,0,99.0,106.0
42300402,1610612738,1610612742,0,0,105.0,98.0
42300401,1610612738,1610612742,0,0,107.0,89.0
42300315,1610612750,1610612742,1,0,103.0,124.0
42300314,1610612742,1610612750,0,0,100.0,105.0
42300304,1610612754,1610612738,0,0,102.0,105.0
42300313,1610612742,1610612750,0,0,116.0,107.0
42300303,1610612754,1610612738,0,1,111.0,114.0
42300312,1610612750,1610612742,0,0,108.0,109.0
42300302,1610612738,1610612754,0,0,126.0,110.0
42300311,1610612750,1610612742,0,0,105.0,108.0
42300301,1610612738,1610612754,0,0,133.0,128.0
42300237,1610612743,1610612750,0,0,90.0,98.0
42300217,1610612752,1610612754,0,0,109.0,130.0
42300226,1610612742,1610612760,0,0,117.0,116.0
42300216,1610612754,1610612752,0,0,116.0,103.0
42300236,1610612750,1610612743,0,0,115.0,70.0
42300225,1610612760,1610612742,0,0,92.0,104.0
42300205,1610612738,1610612739,0,0,113.0,98.0
42300235,1610612743,1610612750,0,0,112.0,97.0
42300215,1610612752,1610612754,0,0,121.0,91.0
42300224,1610612742,1610612760,0,0,96.0,100.0
42300204,1610612739,1610612738,0,0,102.0,109.0
42300234,1610612750,1610612743,0,0,107.0,115.0
42300214,1610612754,1610612752,0,0,121.0,89.0
42300223,1610612742,1610612760,0,0,105.0,101.0
42300203,1610612739,1610612738,0,0,93.0,106.0
42300213,1610612754,1610612752,0,1,111.0,106.0
42300233,1610612750,1610612743,0,0,90.0,117.0
42300222,1610612760,1610612742,0,0,110.0,119.0
42300202,1610612738,1610612739,1,0,94.0,118.0
42300212,1610612752,1610612754,0,0,130.0,121.0
42300201,1610612738,1610612739,0,0,120.0,95.0
42300221,1610612760,1610612742,0,0,117.0,95.0
42300232,1610612743,1610612750,0,0,80.0,106.0
42300211,1610612752,1610612754,0,0,121.0,117.0
42300137,1610612739,1610612753,0,0,106.0,94.0
42300231,1610612743,1610612750,0,0,99.0,106.0
42300176,1610612742,1610612746,0,0,114.0,101.0
42300136,1610612753,1610612739,0,0,103.0,96.0
42300126,1610612754,1610612749,0,0,120.0,98.0
42300116,1610612755,1610612752,0,0,115.0,118.0
42300105,1610612738,1610612748,0,0,118.0,84.0
42300175,1610612746,1610612742,0,0,93.0,123.0
42300125,1610612749,1610612754,0,0,115.0,92.0
42300115,1610612752,1610612755,0,1,106.0,112.0
42300135,1610612739,1610612753,0,0,104.0,103.0
42300104,1610612748,1610612738,1,0,88.0,102.0
42300144,1610612740,1610612760,0,0,89.0,97.0
42300155,1610612743,1610612747,0,0,108.0,106.0
42300114,1610612755,1610612752,0,0,92.0,97.0
42300164,1610612756,1610612750,0,0,116.0,122.0
42300174,1610612742,1610612746,0,0,111.0,116.0
42300124,1610612754,1610612749,0,0,126.0,113.0
42300154,1610612747,1610612743,0,0,119.0,108.0
42300134,1610612753,1610612739,0,1,112.0,89.0
42300143,1610612740,1610612760,0,0,85.0,106.0
42300103,1610612748,1610612738,0,0,84.0,104.0
42300163,1610612756,1610612750,1,0,109.0,126.0
42300173,1610612742,1610612746,0,1,101.0,90.0
42300123,1610612754,1610612749,0,0,121.0,118.0
42300113,1610612755,1610612752,2,0,125.0,114.0
42300153,1610612747,1610612743,0,0,105.0,112.0
42300133,1610612753,1610612739,0,0,121.0,83.0
42300102,1610612738,1610612748,0,0,101.0,111.0
42300142,1610612760,1610612740,0,0,124.0,92.0
42300122,1610612749,1610612754,0,1,108.0,125.0
42300162,1610612750,1610612756,0,0,105.0,93.0
42300172,1610612746,1610612742,0,0,93.0,96.0
42300132,1610612739,1610612753,0,0,96.0,86.0
42300152,1610612743,1610612747,0,0,101.0,99.0
42300112,1610612752,1610612755,0,0,104.0,101.0
42300171,1610612746,1610612742,1,0,109.0,97.0
42300101,1610612738,1610612748,0,0,114.0,94.0
42300121,1610612749,1610612754,0,0,109.0,94.0
42300141,1610612760,1610612740,0,0,94.0,92.0
42300151,1610612743,1610612747,0,0,114.0,103.0
42300131,1610612739,1610612753,0,1,97.0,83.0
42300111,1610612752,1610612755,0,0,111.0,104.0
42300161,1610612750,1610612756,0,0,120.0,95.0
52300201,1610612748,1610612741,0,0,112.0,91.0
52300211,1610612740,1610612758,0,0,105.0,98.0
52300111,1610612741,1610612737,0,0,131.0,116.0
52300101,1610612755,1610612748,0,0,105.0,104.0
52300131,1610612758,1610612744,1,0,118.0,94.0
52300121,1610612740,1610612747,0,0,106.0,110.0
22301192,1610612755,1610612751,0,0,107.0,86.0
22301197,1610612759,1610612765,0,0,123.0,95.0
22301190,1610612752,1610612741,0,0,120.0,119.0
22301194,1610612750,1610612756,0,0,106.0,125.0
22301199,1610612746,1610612745,0,0,105.0,116.0
22301186,1610612738,1610612764,0,0,132.0,122.0
22301196,1610612760,1610612742,0,0,135.0,86.0
22301193,1610612763,1610612743,0,0,111.0,126.0
22301200,1610612758,1610612757,0,2,121.0,82.0
22301195,1610612740,1610612747,0,0,108.0,124.0
22301188,1610612754,1610612737,0,0,157.0,115.0
22301198,1610612744,1610612762,0,0,123.0,116.0
22301189,1610612748,1610612761,0,0,118.0,103.0
22301191,1610612753,1610612749,0,0,113.0,88.0
22301187,1610612739,1610612766,0,0,110.0,120.0
22301172,1610612764,1610612741,0,0,127.0,129.0
22301182,1610612744,1610612740,0,0,109.0,114.0
22301176,1610612748,1610612761,0,0,125.0,103.0
22301181,1610612742,1610612765,0,0,89.0,107.0
22301174,1610612739,1610612754,0,0,129.0,120.0
22301177,1610612763,1610612747,0,0,120.0,123.0
22301180,1610612759,1610612743,0,0,121.0,120.0
22301185,1610612758,1610612756,0,0,107.0,108.0
22301183,1610612757,1610612745,0,0,107.0,116.0
22301179,1610612760,1610612749,0,0,125.0,107.0
22301175,1610612752,1610612751,0,0,111.0,107.0
22301178,1610612750,1610612737,0,0,109.0,106.0
22301171,1610612755,1610612753,0,0,125.0,113.0
22301184,1610612746,1610612762,0,0,109.0,110.0
22301173,1610612738,1610612766,0,0,131.0,98.0
22301167,1610612738,1610612752,0,0,109.0,118.0
22301166,1610612765,1610612741,0,0,105.0,127.0
22301168,1610612762,1610612745,0,0,124.0,121.0
22301170,1610612758,1610612740,0,0,123.0,135.0
22301169,1610612757,1610612744,0,0,92.0,100.0
22301164,1610612743,1610612750,0,0,116.0,107.0
22301163,1610612760,1610612759,0,0,127.0,89.0
22301165,1610612746,1610612756,0,0,108.0,124.0
22301160,1610612751,1610612761,0,0,106.0,102.0
22301158,1610612739,1610612763,0,0,110.0,98.0
22301161,1610612748,1610612742,0,0,92.0,111.0
22301162,1610612749,1610612753,0,0,117.0,99.0
22301159,1610612737,1610612766,0,0,114.0,115.0
22301154,1610612762,1610612743,0,0,95.0,111.0
22301153,1610612760,1610612758,0,0,112.0,105.0
22301145,1610612755,1610612765,0,0,120.0,102.0
22301149,1610612741,1610612752,0,0,117.0,128.0
22301146,1610612761,1610612754,0,0,123.0,140.0
22301147,1610612737,1610612748,0,0,111.0,117.0
22301150,1610612745,1610612753,0,0,118.0,106.0
22301148,1610612749,1610612738,0,0,104.0,91.0
22301152,1610612750,1610612764,1,0,130.0,121.0
22301151,1610612763,1610612759,0,0,87.0,102.0
22301144,1610612766,1610612742,0,0,104.0,130.0
22301156,1610612756,1610612746,0,0,92.0,105.0
22301155,1610612747,1610612744,0,0,120.0,134.0
22301157,1610612757,1610612740,0,0,100.0,110.0
22301140,1610612759,1610612755,0,0,126.0,133.0
22301131,1610612742,1610612745,0,1,147.0,136.0
22301134,1610612738,1610612757,0,0,124.0,107.0
22301133,1610612754,1610612748,0,0,117.0,115.0
22301138,1610612756,1610612740,0,0,105.0,113.0
22301142,1610612744,1610612762,0,0,118.0,110.0
22301135,1610612766,1610612760,0,0,118.0,121.0
22301141,1610612751,1610612758,0,0,77.0,107.0
22301132,1610612746,1610612739,0,0,120.0,118.0
22301137,1610612761,1610612764,0,0,130.0,122.0
22301136,1610612753,1610612741,0,0,113.0,98.0
22301139,1610612749,1610612752,0,0,109.0,122.0
22301143,1610612747,1610612750,0,0,117.0,127.0
22301128,1610612751,1610612765,0,0,113.0,103.0
22301130,1610612743,1610612737,0,0,142.0,110.0
22301127,1610612747,1610612739,0,0,116.0,97.0
22301129,1610612763,1610612755,0,0,96.0,116.0
22301117,1610612764,1610612757,0,0,102.0,108.0
22301116,1610612754,1610612760,0,0,126.0,112.0
22301122,1610612749,1610612761,0,0,111.0,117.0
22301119,1610612741,1610612752,0,1,108.0,100.0
22301115,1610612766,1610612753,0,0,124.0,115.0
22301118,1610612738,1610612758,0,0,101.0,100.0
22301120,1610612745,1610612748,0,0,104.0,119.0
22301123,1610612740,1610612759,0,0,109.0,111.0
22301125,1610612756,1610612750,0,0,97.0,87.0
22301121,1610612763,1610612765,0,0,108.0,90.0
22301097,1610612742,1610612744,0,0,108.0,106.0
22301126,1610612746,1610612762,0,0,131.0,102.0
22301111,1610612748,1610612755,0,0,105.0,109.0
22301113,1610612745,1610612744,0,0,110.0,133.0
22301114,1610612746,1610612743,0,0,102.0,100.0
22301124,1610612742,1610612737,0,0,109.0,95.0
22301112,1610612752,1610612758,0,0,120.0,109.0
22301108,1610612750,1610612761,0,0,133.0,85.0
22301109,1610612740,1610612753,0,0,108.0,117.0
22301103,1610612764,1610612747,0,1,120.0,125.0
22301105,1610612738,1610612760,0,0,135.0,100.0
22301102,1610612766,1610612757,0,0,86.0,89.0
22301104,1610612737,1610612765,0,0,121.0,113.0
22301110,1610612756,1610612739,0,0,122.0,101.0
22301106,1610612751,1610612754,0,0,115.0,111.0
22301107,1610612749,1610612763,0,0,101.0,111.0
22301100,1610612762,1610612739,0,0,113.0,129.0
22301101,1610612758,1610612746,0,0,109.0,95.0
22301094,1610612761,1610612747,0,0,111.0,128.0
22301096,1610612748,1610612752,0,0,109.0,99.0
22301095,1610612764,1610612749,0,0,117.0,113.0
22301098,1610612750,1610612745,0,0,113.0,106.0
22300589,1610612744,1610612742,0,0,104.0,100.0
22301099,1610612743,1610612759,0,0,110.0,105.0
22301093,1610612755,1610612760,0,0,109.0,105.0
22301087,1610612766,1610612738,0,0,104.0,118.0
22301092,1610612740,1610612756,0,0,111.0,124.0
22301089,1610612754,1610612751,1,0,133.0,111.0
22301088,1610612765,1610612763,0,0,108.0,110.0
22301091,1610612741,1610612737,0,0,101.0,113.0
22301090,1610612753,1610612757,0,0,104.0,103.0
22301081,1610612764,1610612748,0,0,107.0,119.0
22301079,1610612766,1610612746,0,0,118.0,130.0
22301085,1610612759,1610612744,0,0,113.0,117.0
22301078,1610612751,1610612747,0,0,104.0,116.0
22301086,1610612758,1610612762,0,0,127.0,106.0
22301080,1610612761,1610612755,0,0,120.0,135.0
22301082,1610612752,1610612760,0,1,112.0,113.0
22301083,1610612745,1610612742,0,0,107.0,125.0
22301077,1610612743,1610612739,0,0,130.0,101.0
22301084,1610612750,1610612741,0,0,101.0,109.0
22301074,1610612740,1610612738,0,0,92.0,104.0
22301075,1610612753,1610612763,0,0,118.0,88.0
22301076,1610612737,1610612749,0,0,113.0,122.0
22301064,1610612753,1610612746,0,0,97.0,100.0
22301073,1610612758,1610612742,0,0,103.0,107.0
22301067,1610612739,1610612755,0,0,117.0,114.0
22301072,1610612762,1610612745,0,0,100.0,101.0
22301065,1610612764,1610612765,0,0,87.0,96.0
22301063,1610612754,1610612747,1,0,109.0,90.0
22301068,1610612748,1610612757,0,0,142.0,82.0
22301071,1610612743,1610612750,0,0,98.0,111.0
22301062,1610612766,1610612744,0,0,97.0,115.0
22301070,1610612759,1610612752,1,0,130.0,126.0
22301069,1610612760,1610612756,0,0,128.0,103.0
22301066,1610612751,1610612741,0,0,125.0,108.0
22301061,1610612740,1610612749,0,0,107.0,100.0
22301060,1610612737,1610612738,0,0,123.0,122.0
22301052,1610612755,1610612746,0,0,107.0,108.0
22301055,1610612763,1610612747,0,0,124.0,136.0
22301056,1610612750,1610612765,0,0,106.0,91.0
22301051,1610612737,1610612757,0,0,120.0,106.0
22301050,1610612764,1610612751,0,0,119.0,122.0
22301048,1610612766,1610612739,0,0,118.0,111.0
22301054,1610612741,1610612754,0,0,125.0,99.0
22301049,1610612753,1610612744,0,0,93.0,101.0
22301057,1610612760,1610612745,1,0,126.0,132.0
22301059,1610612743,1610612756,0,0,97.0,104.0
22301058,1610612762,1610612759,0,0,111.0,118.0
22301053,1610612761,1610612752,0,0,101.0,145.0
22301044,1610612748,1610612744,0,0,92.0,113.0
22301046,1610612740,1610612760,0,0,112.0,119.0
22301047,1610612758,1610612742,0,0,96.0,132.0
22301045,1610612749,1610612747,0,0,124.0,128.0
22301043,1610612746,1610612754,0,0,116.0,133.0
22301037,1610612741,1610612764,1,0,105.0,107.0
22301040,1610612743,1610612763,0,0,128.0,103.0
22301036,1610612761,1610612751,0,0,88.0,96.0
22301041,1610612762,1610612742,0,0,105.0,115.0
22301035,1610612752,1610612765,0,0,124.0,99.0
22301033,1610612739,1610612766,1,0,115.0,92.0
22301042,1610612758,1610612755,0,0,108.0,96.0
22301039,1610612759,1610612756,0,0,104.0,102.0
22301038,1610612745,1610612757,0,0,110.0,92.0
22301034,1610612737,1610612738,0,0,120.0,118.0
22301029,1610612748,1610612739,0,0,121.0,84.0
22301031,1610612750,1610612744,0,0,114.0,110.0
22301028,1610612746,1610612755,0,0,107.0,121.0
22301032,1610612747,1610612754,0,0,150.0,145.0
22301027,1610612765,1610612740,0,0,101.0,114.0
22301030,1610612749,1610612760,0,0,118.0,93.0
22301019,1610612752,1610612751,0,0,105.0,93.0
22301022,1610612764,1610612761,1,0,112.0,109.0
22301026,1610612757,1610612743,0,0,111.0,114.0
22301025,1610612759,1610612756,0,0,106.0,131.0
22301024,1610612745,1610612762,0,0,147.0,119.0
22301021,1610612737,1610612766,0,0,132.0,91.0
22301020,1610612753,1610612758,0,0,107.0,109.0
22301023,1610612741,1610612738,0,0,113.0,124.0
22301014,1610612750,1610612739,0,0,104.0,91.0
22301015,1610612759,1610612763,0,0,97.0,99.0
22301012,1610612761,1610612760,0,0,103.0,123.0
22301017,1610612757,1610612746,0,0,117.0,125.0
22301018,1610612747,1610612755,0,0,101.0,94.0
22301011,1610612765,1610612738,0,0,102.0,129.0
22301016,1610612744,1610612754,0,0,111.0,123.0
22301013,1610612748,1610612740,0,0,88.0,111.0
22301006,1610612745,1610612741,0,1,127.0,117.0
22301008,1610612742,1610612762,0,0,113.0,97.0
22301007,1610612749,1610612751,0,0,115.0,108.0
22301009,1610612743,1610612752,0,0,113.0,100.0
22301005,1610612764,1610612758,0,0,109.0,102.0
22301004,1610612753,1610612740,0,0,121.0,106.0
22301010,1610612756,1610612737,1,1,128.0,115.0
22301000,1610612760,1610612762,0,0,119.0,107.0
22301001,1610612744,1610612763,0,0,137.0,116.0
22300996,1610612739,1610612748,0,0,104.0,107.0
22301003,1610612757,1610612746,0,0,103.0,116.0
22300999,1610612761,1610612758,0,0,89.0,123.0
22301002,1610612756,1610612755,0,0,115.0,102.0
22300998,1610612738,1610612749,0,0,122.0,119.0
22300997,1610612765,1610612754,0,0,103.0,122.0
22300991,1610612753,1610612766,0,1,112.0,92.0
22300993,1610612751,1610612740,0,0,91.0,104.0
22300995,1610612750,1610612743,0,0,112.0,115.0
22300992,1610612764,1610612745,0,0,114.0,137.0
22300994,1610612759,1610612742,0,0,107.0,113.0
22300987,1610612762,1610612750,0,0,104.0,114.0
22300984,1610612738,1610612765,0,0,119.0,94.0
22300990,1610612747,1610612737,0,0,136.0,105.0
22300985,1610612755,1610612748,0,0,98.0,91.0
22300988,1610612744,1610612752,1,0,112.0,119.0
22300986,1610612741,1610612757,0,0,110.0,107.0
22300989,1610612758,1610612763,1,0,121.0,111.0
22300983,1610612754,1610612739,0,0,103.0,108.0
22300980,1610612764,1610612738,0,0,104.0,130.0
22300981,1610612759,1610612751,0,1,122.0,115.0
22300978,1610612742,1610612743,0,0,107.0,105.0
22300982,1610612746,1610612737,0,0,93.0,110.0
22300976,1610612749,1610612756,0,0,140.0,129.0
22300977,1610612765,1610612748,0,0,101.0,104.0
22300979,1610612753,1610612761,0,0,111.0,96.0
22300971,1610612741,1610612764,1,0,127.0,98.0
22300974,1610612762,1610612750,0,0,100.0,119.0
22300967,1610612745,1610612739,0,1,117.0,103.0
22300975,1610612758,1610612752,0,1,91.0,98.0
22300969,1610612755,1610612766,0,1,109.0,98.0
22300970,1610612740,1610612757,0,0,126.0,107.0
22300972,1610612763,1610612760,0,0,112.0,118.0
22300973,1610612747,1610612744,0,0,121.0,128.0
22300968,1610612754,1610612751,0,0,121.0,100.0
22300961,1610612766,1610612756,0,0,96.0,107.0
22300966,1610612762,1610612737,0,0,124.0,122.0
22300963,1610612761,1610612753,0,0,103.0,113.0
22300962,1610612765,1610612748,0,0,95.0,108.0
22300965,1610612759,1610612743,0,0,106.0,117.0
22300964,1610612740,1610612746,0,0,112.0,104.0
22300956,1610612741,1610612746,0,0,111.0,126.0
22300957,1610612745,1610612764,0,0,135.0,119.0
22300959,1610612760,1610612742,0,0,126.0,119.0
22300960,1610612757,1610612752,0,0,93.0,105.0
22300958,1610612749,1610612755,0,0,114.0,105.0
22300955,1610612738,1610612756,0,0,127.0,112.0
22300953,1610612757,1610612737,0,0,106.0,102.0
22300951,1610612740,1610612739,0,0,95.0,116.0
22300947,1610612753,1610612751,0,0,114.0,106.0
22300946,1610612765,1610612761,0,0,113.0,104.0
22300954,1610612758,1610612747,0,0,120.0,107.0
22300948,1610612754,1610612741,0,0,129.0,132.0
22300950,1610612763,1610612766,0,0,98.0,110.0
22300949,1610612748,1610612743,0,0,88.0,100.0
22300952,1610612742,1610612744,0,0,109.0,99.0
22300944,1610612746,1610612750,0,0,100.0,118.0
22300941,1610612760,1610612754,0,0,111.0,121.0
22300945,1610612758,1610612749,0,0,129.0,94.0
22300940,1610612763,1610612764,0,0,109.0,97.0
22300943,1610612762,1610612738,0,0,107.0,123.0
22300942,1610612759,1610612745,0,0,101.0,103.0
22300939,1610612752,1610612755,0,0,106.0,79.0
22300938,1610612757,1610612738,0,0,99.0,121.0
22300937,1610612743,1610612761,0,0,125.0,119.0
22300936,1610612759,1610612744,0,0,102.0,112.0
22300933,1610612765,1610612766,1,0,114.0,97.0
22300934,1610612739,1610612756,0,0,111.0,117.0
22300935,1610612741,1610612742,0,0,92.0,127.0
22300932,1610612747,1610612750,0,0,120.0,109.0
22300924,1610612746,1610612749,0,0,117.0,124.0
22300928,1610612753,1610612754,0,0,97.0,111.0
22300930,1610612739,1610612751,0,0,101.0,120.0
22300925,1610612737,1610612740,0,0,103.0,116.0
22300927,1610612752,1610612755,0,0,73.0,79.0
22300929,1610612758,1610612745,0,0,104.0,112.0
22300931,1610612760,1610612763,0,0,124.0,93.0
22300926,1610612748,1610612764,0,0,108.0,110.0
22300922,1610612743,1610612762,0,0,142.0,121.0
22300920,1610612756,1610612738,0,0,107.0,117.0
22300918,1610612766,1610612751,1,0,110.0,99.0
22300921,1610612744,1610612759,0,0,113.0,126.0
22300919,1610612765,1610612742,1,0,124.0,142.0
22300923,1610612757,1610612761,0,0,128.0,118.0
22300917,1610612746,1610612741,0,0,112.0,102.0
22300912,1610612752,1610612753,0,0,98.0,74.0
22300915,1610612747,1610612749,0,0,123.0,122.0
22300913,1610612763,1610612737,0,0,92.0,99.0
22300909,1610612755,1610612740,0,0,95.0,103.0
22300910,1610612764,1610612766,0,0,112.0,100.0
22300916,1610612757,1610612745,0,0,107.0,123.0
22300914,1610612760,1610612748,0,0,107.0,100.0
22300911,1610612739,1610612750,0,1,113.0,104.0
22300903,1610612754,1610612750,0,0,111.0,113.0
22300907,1610612744,1610612741,0,0,122.0,125.0
22300905,1610612756,1610612761,0,0,120.0,113.0
22300906,1610612743,1610612738,0,0,115.0,109.0
22300902,1610612765,1610612751,0,0,118.0,112.0
22300904,1610612742,1610612748,0,1,114.0,108.0
22300908,1610612758,1610612759,0,0,131.0,129.0
22300898,1610612762,1610612741,0,0,117.0,119.0
22300901,1610612747,1610612758,0,0,120.0,130.0
22300897,1610612745,1610612746,0,0,116.0,122.0
22300895,1610612737,1610612739,0,0,112.0,101.0
22300894,1610612764,1610612753,0,0,109.0,119.0
22300900,1610612757,1610612760,0,0,120.0,128.0
22300896,1610612755,1610612763,0,1,109.0,115.0
22300899,1610612744,1610612749,0,0,125.0,90.0
22300889,1610612752,1610612737,0,0,100.0,116.0
22300893,1610612743,1610612756,0,0,107.0,117.0
22300891,1610612745,1610612759,0,1,114.0,101.0
22300885,1610612766,1610612753,0,1,89.0,101.0
22300887,1610612751,1610612755,0,1,112.0,107.0
22300890,1610612761,1610612740,0,0,98.0,139.0
22300886,1610612739,1610612738,0,0,105.0,104.0
22300888,1610612748,1610612765,0,0,118.0,110.0
22300892,1610612742,1610612754,1,0,120.0,137.0
22300881,1610612750,1610612757,0,0,119.0,114.0
22300884,1610612747,1610612760,0,0,116.0,104.0
22300880,1610612749,1610612746,0,0,113.0,106.0
22300883,1610612758,1610612741,0,0,109.0,113.0
22300879,1610612751,1610612763,1,0,102.0,106.0
22300882,1610612762,1610612764,0,0,127.0,115.0
22300877,1610612759,1610612754,0,0,117.0,105.0
22300871,1610612742,1610612755,0,0,116.0,120.0
22300878,1610612756,1610612760,0,0,110.0,118.0
22300872,1610612738,1610612744,0,0,140.0,88.0
22300874,1610612753,1610612765,0,0,113.0,91.0
22300873,1610612750,1610612746,0,0,88.0,89.0
22300875,1610612761,1610612766,0,0,111.0,106.0
22300876,1610612739,1610612752,0,0,98.0,107.0
22300870,1610612756,1610612745,0,0,109.0,118.0
22300868,1610612763,1610612757,1,1,100.0,107.0
22300867,1610612748,1610612762,0,0,126.0,120.0
22300866,1610612751,1610612737,0,0,114.0,102.0
22300869,1610612747,1610612743,0,0,114.0,124.0
22300862,1610612750,1610612758,0,0,120.0,124.0
22300860,1610612761,1610612744,0,0,105.0,120.0
22300858,1610612755,1610612766,0,0,121.0,114.0
22300864,1610612741,1610612749,2,0,97.0,113.0
22300863,1610612740,1610612754,0,0,129.0,102.0
22300857,1610612765,1610612739,0,0,100.0,110.0
22300859,1610612738,1610612742,0,0,138.0,110.0
22300861,1610612763,1610612757,0,0,92.0,122.0
22300865,1610612746,1610612764,0,0,140.0,115.0
22300853,1610612759,1610612760,0,0,132.0,118.0
22300854,1610612756,1610612745,0,0,110.0,105.0
22300849,1610612766,1610612749,0,0,99.0,111.0
22300850,1610612753,1610612762,0,0,115.0,107.0
22300856,1610612747,1610612764,0,0,134.0,131.0
22300855,1610612743,1610612748,0,0,103.0,97.0
22300852,1610612752,1610612744,0,0,99.0,110.0
22300851,1610612751,1610612737,1,0,124.0,97.0
22300847,1610612743,1610612758,0,0,117.0,96.0
22300844,1610612761,1610612742,0,0,125.0,136.0
22300843,1610612754,1610612740,0,0,123.0,114.0
22300846,1610612741,1610612739,0,0,132.0,123.0
22300848,1610612746,1610612747,0,0,112.0,116.0
22300845,1610612750,1610612763,0,0,110.0,101.0
22300835,1610612737,1610612762,0,0,124.0,97.0
22300839,1610612741,1610612765,0,0,95.0,105.0
22300836,1610612738,1610612755,0,0,117.0,99.0
22300840,1610612749,1610612766,0,0,123.0,85.0
22300838,1610612750,1610612759,0,0,114.0,105.0
22300837,1610612752,1610612740,0,0,92.0,115.0
22300841,1610612760,1610612745,0,0,112.0,95.0
22300842,1610612757,1610612748,0,0,96.0,106.0
22300833,1610612753,1610612751,0,1,108.0,81.0
22300834,1610612764,1610612744,0,0,112.0,123.0
22300832,1610612739,1610612742,0,0,121.0,119.0
22300829,1610612754,1610612761,0,0,122.0,130.0
22300828,1610612752,1610612765,0,0,113.0,111.0
22300830,1610612763,1610612751,0,0,86.0,111.0
22300831,1610612758,1610612748,0,0,110.0,121.0
22300823,1610612740,1610612741,0,0,106.0,114.0
22300820,1610612764,1610612739,0,0,105.0,114.0
22300821,1610612737,1610612753,0,0,109.0,92.0
22300825,1610612762,1610612759,0,0,128.0,109.0
22300817,1610612755,1610612749,0,0,98.0,119.0
22300822,1610612745,1610612760,0,0,110.0,123.0
22300827,1610612746,1610612758,0,0,107.0,123.0
22300824,1610612744,1610612743,0,0,103.0,119.0
22300818,1610612756,1610612747,0,0,123.0,113.0
22300819,1610612754,1610612742,0,0,133.0,111.0
22300826,1610612757,1610612766,0,0,80.0,93.0
22300815,1610612750,1610612751,0,0,101.0,86.0
22300814,1610612765,1610612753,0,0,109.0,112.0
22300816,1610612752,1610612738,0,0,102.0,116.0
22300807,1610612763,1610612746,0,0,95.0,101.0
22300808,1610612750,1610612749,0,0,107.0,112.0
22300805,1610612755,1610612739,0,0,104.0,97.0
22300811,1610612744,1610612766,0,0,97.0,84.0
22300810,1610612740,1610612748,0,0,95.0,106.0
22300809,1610612760,1610612764,0,0,147.0,106.0
22300806,1610612745,1610612756,0,0,114.0,110.0
22300813,1610612747,1610612759,0,0,123.0,118.0
22300804,1610612737,1610612761,0,0,121.0,123.0
22300812,1610612757,1610612743,0,1,112.0,127.0
22300796,1610612742,1610612756,0,0,123.0,113.0
22300798,1610612740,1610612745,0,0,127.0,105.0
22300793,1610612754,1610612765,0,0,129.0,115.0
22300794,1610612755,1610612752,0,0,96.0,110.0
22300799,1610612760,1610612746,0,0,129.0,107.0
22300795,1610612761,1610612751,0,0,121.0,93.0
22300801,1610612762,1610612766,0,0,107.0,115.0
22300792,1610612739,1610612753,0,0,109.0,116.0
22300803,1610612758,1610612759,0,0,127.0,122.0
22300802,1610612744,1610612747,0,0,128.0,110.0
22300800,1610612743,1610612764,0,0,130.0,110.0
22300797,1610612741,1610612738,0,0,112.0,129.0
32300001,1610616833,1610616834,0,0,211.0,186.0
32300006,1610616849,1610616848,0,0,26.0,13.0
32300005,1610616847,1610616848,0,0,36.0,41.0
32300003,1610616840,1610616839,0,0,91.0,100.0
32300004,1610616850,1610616849,0,0,35.0,40.0
22300791,1610612757,1610612750,0,0,91.0,128.0
22300576,1610612762,1610612744,0,0,137.0,140.0
22300790,1610612763,1610612749,0,0,113.0,110.0
22300777,1610612766,1610612737,0,0,122.0,99.0
22300780,1610612738,1610612751,0,0,136.0,86.0
22300779,1610612755,1610612748,0,0,104.0,109.0
22300786,1610612743,1610612758,0,0,98.0,102.0
22300781,1610612739,1610612741,0,0,108.0,105.0
22300785,1610612742,1610612759,0,0,116.0,93.0
22300789,1610612744,1610612746,0,1,125.0,130.0
22300787,1610612756,1610612765,0,0,116.0,100.0
22300782,1610612761,1610612754,0,0,125.0,127.0
22300784,1610612740,1610612764,0,0,133.0,126.0
22300788,1610612762,1610612747,0,0,122.0,138.0
22300778,1610612753,1610612752,0,0,118.0,100.0
22300783,1610612763,1610612745,0,0,121.0,113.0
22300776,1610612747,1610612765,0,0,125.0,111.0
22300772,1610612753,1610612760,0,0,113.0,127.0
22300774,1610612756,1610612758,1,0,130.0,125.0
22300771,1610612751,1610612738,0,0,110.0,118.0
22300773,1610612749,1610612748,0,0,97.0,123.0
22300775,1610612757,1610612750,0,0,109.0,121.0
22300765,1610612745,1610612752,0,0,105.0,103.0
22300764,1610612761,1610612759,0,0,99.0,122.0
22300770,1610612746,1610612750,0,0,100.0,121.0
22300769,1610612762,1610612744,0,0,107.0,129.0
22300766,1610612763,1610612740,0,0,87.0,96.0
22300762,1610612739,1610612755,0,0,121.0,123.0
22300767,1610612749,1610612743,0,0,112.0,95.0
22300761,1610612766,1610612754,0,0,111.0,102.0
22300768,1610612742,1610612764,0,0,112.0,104.0
22300763,1610612737,1610612741,0,0,126.0,136.0
22300759,1610612748,1610612738,0,1,106.0,110.0
22300760,1610612760,1610612758,0,0,127.0,113.0
22300757,1610612744,1610612756,0,0,113.0,112.0
22300748,1610612742,1610612760,0,0,146.0,111.0
22300754,1610612737,1610612745,0,0,122.0,113.0
22300758,1610612757,1610612740,0,0,84.0,93.0
22300756,1610612761,1610612739,0,0,95.0,119.0
22300753,1610612764,1610612755,0,0,113.0,119.0
22300755,1610612752,1610612754,0,0,111.0,125.0
22300752,1610612753,1610612741,0,0,114.0,108.0
22300749,1610612746,1610612765,0,0,112.0,106.0
22300750,1610612751,1610612759,0,0,123.0,103.0
22300751,1610612766,1610612763,0,0,115.0,106.0
22300743,1610612738,1610612764,0,0,133.0,129.0
22300747,1610612747,1610612740,0,0,139.0,122.0
22300745,1610612749,1610612766,0,0,120.0,84.0
22300742,1610612755,1610612737,0,0,121.0,127.0
22300746,1610612758,1610612743,0,0,135.0,106.0
22300744,1610612761,1610612745,0,0,107.0,104.0
22300734,1610612753,1610612759,0,0,127.0,111.0
22300741,1610612757,1610612765,0,0,122.0,128.0
22300733,1610612754,1610612744,0,0,109.0,131.0
22300739,1610612756,1610612762,0,0,129.0,115.0
22300740,1610612747,1610612743,0,0,106.0,114.0
22300735,1610612751,1610612739,0,0,95.0,118.0
22300738,1610612749,1610612750,0,0,105.0,129.0
22300736,1610612752,1610612742,0,0,108.0,122.0
22300737,1610612763,1610612741,0,0,110.0,118.0
22300727,1610612755,1610612744,0,0,104.0,127.0
22300730,1610612748,1610612759,0,0,116.0,104.0
22300731,1610612746,1610612740,0,0,106.0,117.0
22300732,1610612758,1610612765,0,0,120.0,133.0
22300726,1610612766,1610612761,0,0,117.0,123.0
22300729,1610612738,1610612737,0,0,125.0,117.0
22300728,1610612764,1610612739,0,0,106.0,114.0
22300722,1610612752,1610612763,0,0,123.0,113.0
22300719,1610612754,1610612745,0,0,132.0,129.0
22300723,1610612741,1610612750,0,0,129.0,123.0
22300724,1610612762,1610612760,0,0,124.0,117.0
22300725,1610612756,1610612749,1,0,114.0,106.0
22300721,1610612748,1610612753,0,0,121.0,95.0
22300720,1610612751,1610612742,1,0,107.0,119.0
22300717,1610612751,1610612744,1,0,98.0,109.0
22300716,1610612737,1610612746,0,0,144.0,149.0
22300715,1610612755,1610612742,1,0,102.0,118.0
22300713,1610612766,1610612747,0,0,118.0,124.0
22300714,1610612739,1610612758,0,0,136.0,110.0
22300718,1610612740,1610612761,0,0,138.0,100.0
22300712,1610612743,1610612757,0,0,112.0,103.0
22300709,1610612750,1610612745,0,0,111.0,90.0
22300704,1610612765,1610612753,0,0,99.0,111.0
22300707,1610612766,1610612754,0,0,99.0,115.0
22300708,1610612748,1610612746,0,0,95.0,103.0
22300711,1610612762,1610612749,0,1,123.0,108.0
22300706,1610612738,1610612763,0,0,131.0,91.0
22300705,1610612764,1610612756,0,0,112.0,140.0
22300710,1610612760,1610612761,0,0,135.0,127.0
22300701,1610612752,1610612747,0,0,105.0,113.0
22300703,1610612759,1610612739,1,0,101.0,117.0
22300699,1610612737,1610612744,0,0,141.0,134.0
22300702,1610612742,1610612749,0,0,117.0,129.0
22300698,1610612755,1610612751,0,0,121.0,136.0
22300700,1610612741,1610612758,0,0,115.0,123.0
22300693,1610612763,1610612744,0,0,101.0,121.0
22300690,1610612737,1610612756,0,0,129.0,120.0
42000406,1610612749,1610612756,0,0,105.0,98.0
42000405,1610612756,1610612749,0,0,119.0,123.0
42000404,1610612749,1610612756,0,0,109.0,103.0
42000403,1610612749,1610612756,0,0,120.0,100.0
42000402,1610612756,1610612749,0,0,118.0,108.0
42000401,1610612756,1610612749,0,1,118.0,105.0
42000306,1610612737,1610612749,0,0,107.0,118.0
42000305,1610612749,1610612737,0,1,123.0,112.0
42000316,1610612746,1610612756,0,0,103.0,130.0
42000304,1610612737,1610612749,0,0,110.0,88.0
42000315,1610612756,1610612746,1,1,102.0,116.0
42000303,1610612737,1610612749,0,0,102.0,113.0
42000314,1610612746,1610612756,0,0,80.0,84.0
42000302,1610612749,1610612737,0,0,125.0,91.0
42000313,1610612746,1610612756,0,0,106.0,92.0
42000301,1610612749,1610612737,0,0,113.0,116.0
42000312,1610612756,1610612746,0,0,104.0,103.0
42000311,1610612756,1610612746,0,0,120.0,114.0
42000207,1610612755,1610612737,1,0,96.0,103.0
42000217,1610612751,1610612749,0,0,111.0,115.0
42000206,1610612737,1610612755,0,0,99.0,104.0
42000226,1610612746,1610612762,0,0,131.0,119.0
42000216,1610612749,1610612751,0,0,104.0,89.0
42000205,1610612755,1610612737,0,0,106.0,109.0
42000225,1610612762,1610612746,1,0,111.0,119.0
42000215,1610612751,1610612749,0,0,114.0,108.0
42000224,1610612746,1610612762,0,0,118.0,104.0
42000204,1610612737,1610612755,0,1,103.0,100.0
42000214,1610612749,1610612751,0,0,107.0,96.0
42000234,1610612743,1610612756,1,0,118.0,125.0
42000223,1610612746,1610612762,0,1,132.0,106.0
42000203,1610612737,1610612755,0,0,111.0,127.0
42000233,1610612743,1610612756,0,0,102.0,116.0
42000222,1610612762,1610612746,1,0,117.0,111.0
42000213,1610612749,1610612751,0,0,86.0,83.0
42000232,1610612756,1610612743,0,0,123.0,98.0
42000202,1610612755,1610612737,0,0,118.0,102.0
42000221,1610612762,1610612746,0,0,112.0,109.0
42000231,1610612756,1610612743,0,0,122.0,105.0
42000212,1610612751,1610612749,0,1,125.0,86.0
42000177,1610612746,1610612742,0,1,126.0,111.0
42000201,1610612755,1610612737,0,0,124.0,128.0
42000211,1610612751,1610612749,0,0,115.0,107.0
42000176,1610612742,1610612746,0,0,97.0,104.0
42000166,1610612757,1610612743,0,0,115.0,126.0
42000156,1610612747,1610612756,2,0,100.0,113.0
42000145,1610612762,1610612763,0,0,126.0,110.0
42000105,1610612755,1610612764,0,0,129.0,112.0
42000175,1610612746,1610612742,1,0,100.0,105.0
42000135,1610612752,1610612737,1,0,89.0,103.0
42000115,1610612751,1610612738,0,0,123.0,109.0
42000155,1610612756,1610612747,0,0,115.0,85.0
42000165,1610612743,1610612757,0,0,147.0,140.0
42000144,1610612763,1610612762,0,0,113.0,120.0
42000104,1610612764,1610612755,0,0,122.0,114.0
42000134,1610612737,1610612752,1,1,113.0,96.0
42000154,1610612747,1610612756,0,0,92.0,100.0
42000114,1610612738,1610612751,0,0,126.0,141.0
42000174,1610612742,1610612746,0,0,81.0,106.0
42000164,1610612757,1610612743,0,0,115.0,95.0
42000103,1610612764,1610612755,0,0,103.0,132.0
42000143,1610612763,1610612762,0,0,111.0,121.0
42000124,1610612748,1610612749,0,0,103.0,120.0
42000113,1610612738,1610612751,0,0,125.0,119.0
42000173,1610612742,1610612746,1,0,108.0,118.0
42000133,1610612737,1610612752,1,0,105.0,94.0
42000123,1610612748,1610612749,0,0,84.0,113.0
42000163,1610612757,1610612743,1,0,115.0,120.0
42000153,1610612747,1610612756,0,1,109.0,95.0
42000142,1610612762,1610612763,1,0,141.0,129.0
42000132,1610612752,1610612737,1,0,101.0,92.0
42000102,1610612755,1610612764,0,0,120.0,95.0
42000172,1610612746,1610612742,0,0,121.0,127.0
42000112,1610612751,1610612738,0,0,130.0,108.0
42000152,1610612756,1610612747,0,1,102.0,109.0
42000162,1610612743,1610612757,0,2,128.0,109.0
42000122,1610612749,1610612748,0,2,132.0,98.0
42000101,1610612755,1610612764,0,0,125.0,118.0
42000151,1610612756,1610612747,0,0,99.0,90.0
42000141,1610612762,1610612763,1,0,109.0,112.0
42000131,1610612752,1610612737,0,0,105.0,107.0
42000171,1610612746,1610612742,0,0,103.0,113.0
42000161,1610612743,1610612757,0,0,109.0,123.0
42000121,1610612749,1610612748,0,1,109.0,107.0
42000111,1610612751,1610612738,1,0,104.0,93.0
52000211,1610612744,1610612763,0,0,112.0,117.0
52000201,1610612764,1610612754,0,0,142.0,115.0
52000121,1610612747,1610612744,0,0,103.0,100.0
52000131,1610612763,1610612759,0,0,100.0,96.0
52000101,1610612738,1610612764,0,0,118.0,100.0
52000111,1610612754,1610612766,0,0,144.0,117.0
22001069,1610612765,1610612748,0,2,107.0,120.0
22001075,1610612755,1610612753,0,3,128.0,117.0
22001071,1610612750,1610612742,0,0,136.0,121.0
22001073,1610612752,1610612738,0,0,96.0,92.0
22001076,1610612757,1610612743,0,0,132.0,116.0
22001068,1610612741,1610612749,1,0,118.0,112.0
22001077,1610612758,1610612762,0,0,99.0,121.0
22001080,1610612764,1610612766,1,0,115.0,110.0
22001070,1610612744,1610612763,0,0,113.0,101.0
22001067,1610612751,1610612739,0,1,123.0,109.0
22001072,1610612740,1610612747,0,0,98.0,110.0
22001078,1610612759,1610612756,0,1,121.0,123.0
22001074,1610612760,1610612746,0,0,117.0,112.0
22001066,1610612737,1610612745,0,0,124.0,95.0
22001079,1610612761,1610612754,0,0,113.0,125.0
22001061,1610612754,1610612747,0,0,115.0,122.0
22001064,1610612752,1610612766,0,0,118.0,109.0
22001063,1610612750,1610612738,0,0,108.0,124.0
22001065,1610612759,1610612756,0,0,103.0,140.0
22001060,1610612751,1610612741,0,0,105.0,91.0
22001062,1610612749,1610612748,0,0,122.0,108.0
22001056,1610612760,1610612762,0,0,93.0,109.0
22001058,1610612745,1610612746,0,0,122.0,115.0
22000204,1610612764,1610612739,0,0,120.0,105.0
22001057,1610612742,1610612761,0,1,114.0,110.0
22000263,1610612763,1610612758,0,0,107.0,106.0
22001054,1610612765,1610612743,0,0,91.0,104.0
22001059,1610612744,1610612740,0,0,125.0,122.0
22001055,1610612755,1610612753,0,0,122.0,97.0
22000458,1610612752,1610612759,0,0,102.0,98.0
22001049,1610612737,1610612753,0,0,116.0,93.0
22001052,1610612750,1610612743,0,0,103.0,114.0
22001048,1610612754,1610612749,0,0,133.0,142.0
22001053,1610612756,1610612757,0,0,118.0,117.0
22000255,1610612763,1610612758,0,0,116.0,110.0
22001047,1610612766,1610612746,0,0,90.0,113.0
22001051,1610612741,1610612761,0,0,114.0,102.0
22001050,1610612748,1610612755,0,0,106.0,94.0
22001042,1610612737,1610612764,0,0,120.0,116.0
22001043,1610612751,1610612759,0,0,128.0,116.0
22001044,1610612739,1610612738,0,0,102.0,94.0
22001045,1610612762,1610612757,0,0,98.0,105.0
22001046,1610612747,1610612745,0,0,124.0,122.0
22000154,1610612742,1610612740,0,0,125.0,107.0
22001040,1610612758,1610612760,0,0,122.0,106.0
22001033,1610612765,1610612750,0,0,100.0,119.0
22001039,1610612744,1610612756,0,0,122.0,116.0
22001032,1610612738,1610612748,0,0,121.0,129.0
22000448,1610612766,1610612743,0,0,112.0,117.0
22001038,1610612749,1610612753,0,0,114.0,102.0
22001035,1610612754,1610612755,0,0,103.0,94.0
22001037,1610612763,1610612742,0,1,133.0,104.0
22001034,1610612761,1610612746,0,0,96.0,115.0
22001041,1610612747,1610612752,0,0,101.0,99.0
22001036,1610612741,1610612751,0,0,107.0,115.0
22001030,1610612744,1610612762,0,0,119.0,116.0
22001029,1610612759,1610612749,0,0,146.0,125.0
22001027,1610612739,1610612754,0,0,102.0,111.0
22001031,1610612757,1610612745,0,1,140.0,129.0
22001028,1610612763,1610612740,0,0,115.0,110.0
22001026,1610612737,1610612764,0,0,125.0,124.0
22001025,1610612758,1610612760,0,0,126.0,98.0
22001022,1610612753,1610612750,0,0,96.0,128.0
22001023,1610612765,1610612741,0,0,96.0,108.0
22001024,1610612747,1610612756,0,0,123.0,110.0
22001020,1610612766,1610612740,0,0,110.0,112.0
22001021,1610612739,1610612742,0,1,97.0,124.0
22001019,1610612746,1610612752,0,0,100.0,106.0
22000145,1610612738,1610612748,0,0,124.0,130.0
22001014,1610612761,1610612763,0,0,99.0,109.0
22001012,1610612754,1610612764,0,0,132.0,133.0
22001017,1610612744,1610612760,0,0,136.0,97.0
22001016,1610612762,1610612745,0,1,124.0,116.0
22001015,1610612743,1610612751,0,0,119.0,125.0
22001018,1610612757,1610612759,0,0,124.0,102.0
22001013,1610612755,1610612765,0,0,118.0,104.0
22001011,1610612758,1610612759,0,0,104.0,113.0
22000160,1610612741,1610612738,0,0,121.0,99.0
22001006,1610612749,1610612745,0,0,141.0,133.0
22001004,1610612766,1610612753,0,0,122.0,112.0
22001008,1610612762,1610612743,0,0,127.0,120.0
22001003,1610612755,1610612740,0,0,109.0,107.0
22001005,1610612748,1610612750,0,0,121.0,112.0
22001007,1610612742,1610612739,0,0,110.0,90.0
22001010,1610612757,1610612747,0,0,106.0,101.0
22001009,1610612756,1610612752,0,1,128.0,105.0
22000998,1610612742,1610612751,0,0,113.0,109.0
22000997,1610612761,1610612764,0,0,129.0,131.0
22001002,1610612746,1610612747,0,0,118.0,94.0
22000999,1610612765,1610612763,0,0,111.0,97.0
22000434,1610612766,1610612741,0,0,99.0,120.0
22001001,1610612744,1610612760,0,0,118.0,97.0
22001000,1610612754,1610612737,0,0,133.0,126.0
22000993,1610612754,1610612758,0,0,93.0,104.0
22000183,1610612750,1610612763,0,0,135.0,139.0
22000990,1610612753,1610612738,0,0,96.0,132.0
22000991,1610612739,1610612757,0,0,105.0,141.0
22000235,1610612749,1610612764,0,0,135.0,134.0
22000992,1610612737,1610612756,0,0,135.0,103.0
22000994,1610612745,1610612755,0,0,115.0,135.0
22000996,1610612762,1610612759,0,0,126.0,94.0
22000995,1610612743,1610612752,0,0,113.0,97.0
22000987,1610612740,1610612744,0,0,108.0,103.0
22000983,1610612739,1610612756,0,0,118.0,134.0
22000988,1610612760,1610612758,0,0,99.0,103.0
22000989,1610612746,1610612761,0,0,105.0,100.0
22000985,1610612749,1610612751,0,0,124.0,118.0
22000986,1610612748,1610612742,0,0,113.0,127.0
22000984,1610612765,1610612766,0,0,99.0,102.0
22000977,1610612740,1610612744,0,0,108.0,123.0
22000975,1610612765,1610612753,0,0,112.0,119.0
22000978,1610612737,1610612757,0,0,123.0,114.0
22000981,1610612762,1610612759,0,0,110.0,99.0
22000982,1610612747,1610612743,0,0,93.0,89.0
22000976,1610612764,1610612754,0,0,154.0,141.0
22000979,1610612741,1610612755,0,0,94.0,106.0
22000980,1610612763,1610612752,0,0,104.0,118.0
22000968,1610612738,1610612757,0,0,119.0,129.0
22000971,1610612745,1610612752,0,0,97.0,122.0
22000970,1610612742,1610612758,1,0,99.0,111.0
22000969,1610612766,1610612748,1,0,111.0,121.0
22000974,1610612747,1610612761,0,0,114.0,121.0
22000973,1610612759,1610612755,0,0,111.0,113.0
22000967,1610612749,1610612751,0,0,117.0,114.0
22000972,1610612760,1610612756,0,0,120.0,123.0
22000958,1610612745,1610612744,0,0,87.0,113.0
22000962,1610612750,1610612740,0,0,136.0,140.0
22000964,1610612742,1610612764,0,0,125.0,124.0
22000965,1610612762,1610612761,0,0,106.0,102.0
22000959,1610612737,1610612741,0,0,108.0,97.0
22000963,1610612760,1610612754,0,0,95.0,152.0
22000961,1610612753,1610612763,0,0,112.0,111.0
22000966,1610612746,1610612743,1,0,104.0,110.0
22000957,1610612766,1610612765,0,0,107.0,94.0
22000960,1610612739,1610612748,0,0,107.0,124.0
22000954,1610612741,1610612749,0,0,98.0,108.0
22000949,1610612755,1610612737,0,0,126.0,104.0
22000951,1610612739,1610612764,0,0,93.0,122.0
22000950,1610612738,1610612759,1,1,143.0,140.0
22000955,1610612756,1610612762,0,0,121.0,100.0
22000952,1610612751,1610612757,0,0,109.0,128.0
22000953,1610612763,1610612753,0,0,92.0,75.0
22000956,1610612747,1610612758,0,0,106.0,110.0
22000948,1610612743,1610612761,0,1,121.0,111.0
22000946,1610612750,1610612744,0,0,126.0,114.0
22000943,1610612765,1610612742,0,0,105.0,115.0
22000944,1610612754,1610612751,0,0,113.0,130.0
22000947,1610612760,1610612740,0,0,95.0,109.0
22000945,1610612745,1610612749,0,0,143.0,136.0
22000937,1610612752,1610612741,0,0,113.0,94.0
22000936,1610612738,1610612766,0,0,120.0,111.0
22000938,1610612748,1610612759,0,0,116.0,111.0
22000935,1610612764,1610612747,0,0,116.0,107.0
22000942,1610612758,1610612762,0,1,105.0,154.0
22000933,1610612739,1610612753,0,0,104.0,109.0
22000939,1610612763,1610612757,0,0,109.0,130.0
22000940,1610612743,1610612740,0,0,114.0,112.0
22000934,1610612755,1610612737,0,0,127.0,83.0
22000941,1610612756,1610612746,0,0,109.0,101.0
22000929,1610612754,1610612757,0,1,112.0,133.0
22000932,1610612744,1610612742,0,1,103.0,133.0
22000927,1610612738,1610612760,0,0,115.0,119.0
22000931,1610612745,1610612750,0,0,107.0,114.0
22000930,1610612761,1610612751,0,0,103.0,116.0
22000928,1610612766,1610612749,0,0,104.0,114.0
22000918,1610612755,1610612760,0,0,121.0,90.0
22000925,1610612743,1610612763,0,0,120.0,96.0
22000916,1610612765,1610612737,0,0,100.0,86.0
22000921,1610612761,1610612739,0,0,112.0,96.0
22000922,1610612748,1610612741,0,0,102.0,110.0
22000919,1610612764,1610612759,0,0,143.0,146.0
22000923,1610612750,1610612762,0,0,105.0,104.0
22000920,1610612752,1610612756,0,0,110.0,118.0
22000924,1610612740,1610612746,0,0,120.0,103.0
22000917,1610612753,1610612747,0,0,103.0,114.0
22000926,1610612758,1610612742,0,0,113.0,106.0
22000913,1610612737,1610612749,0,0,111.0,104.0
22000914,1610612753,1610612754,0,0,112.0,131.0
22000912,1610612751,1610612756,0,0,128.0,119.0
22000911,1610612766,1610612738,0,0,125.0,104.0
22000915,1610612744,1610612758,0,0,117.0,113.0
22000197,1610612764,1610612739,0,0,119.0,110.0
22000240,1610612757,1610612763,1,1,113.0,120.0
22000905,1610612749,1610612755,0,0,132.0,94.0
22000910,1610612743,1610612745,0,0,129.0,116.0
22000909,1610612762,1610612750,0,0,96.0,101.0
22000264,1610612740,1610612759,0,0,108.0,110.0
22000907,1610612748,1610612741,0,0,106.0,101.0
22000906,1610612754,1610612765,1,0,115.0,109.0
22000908,1610612742,1610612747,0,0,108.0,93.0
22000904,1610612752,1610612761,0,0,120.0,103.0
22000899,1610612751,1610612738,0,0,109.0,104.0
22000900,1610612766,1610612739,0,0,108.0,102.0
22000903,1610612744,1610612743,0,0,118.0,97.0
22000225,1610612757,1610612763,0,0,128.0,130.0
22000901,1610612745,1610612746,0,0,104.0,109.0
22000898,1610612737,1610612748,0,0,118.0,103.0
22000902,1610612760,1610612764,0,0,109.0,129.0
22000893,1610612753,1610612740,0,0,100.0,135.0
22000896,1610612741,1610612766,0,0,108.0,91.0
22000895,1610612759,1610612765,1,0,106.0,91.0
22000897,1610612742,1610612747,0,0,115.0,110.0
22000894,1610612749,1610612755,0,0,124.0,117.0
22000892,1610612738,1610612756,0,0,99.0,86.0
22000883,1610612755,1610612756,0,0,113.0,116.0
22000888,1610612759,1610612748,0,0,87.0,107.0
22000886,1610612752,1610612737,0,0,137.0,127.0
22000891,1610612758,1610612750,0,0,128.0,125.0
22000882,1610612754,1610612760,0,0,122.0,116.0
22000881,1610612739,1610612741,0,0,121.0,105.0
22000887,1610612745,1610612762,0,0,89.0,112.0
22000884,1610612761,1610612751,0,0,114.0,103.0
22000885,1610612764,1610612744,0,0,118.0,114.0
22000889,1610612746,1610612763,0,0,117.0,105.0
22000442,1610612742,1610612765,0,0,127.0,117.0
22000890,1610612757,1610612743,0,1,105.0,106.0
22000880,1610612758,1610612750,0,0,120.0,134.0
22000876,1610612737,1610612753,0,0,112.0,96.0
22000877,1610612752,1610612766,0,0,109.0,97.0
22000878,1610612740,1610612751,0,0,129.0,134.0
22000879,1610612757,1610612746,0,0,112.0,113.0
22000869,1610612738,1610612741,0,0,96.0,102.0
22000874,1610612743,1610612763,0,0,139.0,137.0
22000473,1610612754,1610612759,1,0,94.0,109.0
22000872,1610612764,1610612760,1,0,119.0,107.0
22000870,1610612755,1610612744,0,0,96.0,107.0
22000868,1610612765,1610612739,0,0,109.0,105.0
22000871,1610612748,1610612745,0,0,113.0,91.0
22000875,1610612747,1610612762,0,0,97.0,111.0
22000873,1610612749,1610612756,0,0,127.0,128.0
22000867,1610612746,1610612750,0,0,124.0,105.0
22000861,1610612737,1610612754,0,0,129.0,117.0
22000864,1610612753,1610612745,0,0,110.0,114.0
22000362,1610612766,1610612757,0,0,109.0,101.0
22000865,1610612761,1610612760,0,0,112.0,106.0
22000863,1610612748,1610612751,0,0,109.0,107.0
22000866,1610612742,1610612758,0,0,107.0,121.0
22000862,1610612752,1610612740,0,0,122.0,112.0
22000860,1610612756,1610612759,0,0,85.0,111.0
22000855,1610612747,1610612762,0,0,127.0,115.0
22000858,1610612738,1610612744,0,0,119.0,114.0
22000857,1610612741,1610612739,0,0,106.0,96.0
22000856,1610612764,1610612765,0,0,121.0,100.0
22000859,1610612749,1610612763,0,1,115.0,128.0
22000847,1610612764,1610612740,0,0,117.0,115.0
22000848,1610612751,1610612766,0,0,130.0,115.0
22000852,1610612750,1610612748,0,0,119.0,111.0
22000844,1610612762,1610612754,0,0,119.0,111.0
22000845,1610612765,1610612760,0,0,110.0,104.0
22000853,1610612759,1610612757,0,0,106.0,107.0
22000851,1610612745,1610612743,0,0,99.0,128.0
22000846,1610612755,1610612746,1,0,106.0,103.0
22000850,1610612741,1610612763,0,0,115.0,126.0
22000854,1610612742,1610612752,0,0,109.0,117.0
22000849,1610612761,1610612753,0,0,113.0,102.0
22000841,1610612739,1610612744,0,0,101.0,119.0
22000843,1610612756,1610612758,0,0,122.0,114.0
22000842,1610612747,1610612738,0,0,113.0,121.0
22000840,1610612737,1610612749,0,0,109.0,120.0
22000838,1610612743,1610612748,0,0,123.0,106.0
22000830,1610612755,1610612751,0,0,123.0,117.0
22000835,1610612740,1610612752,0,0,106.0,116.0
22000831,1610612761,1610612759,0,0,117.0,112.0
22000832,1610612765,1610612746,0,0,98.0,100.0
22000461,1610612745,1610612754,0,0,124.0,132.0
22000829,1610612766,1610612739,0,0,90.0,103.0
22000837,1610612763,1610612742,0,0,113.0,114.0
22000833,1610612741,1610612753,0,0,106.0,115.0
22000839,1610612758,1610612764,0,0,111.0,123.0
22000836,1610612760,1610612744,0,0,109.0,147.0
22000834,1610612750,1610612749,0,0,105.0,130.0
22000823,1610612754,1610612746,0,0,115.0,126.0
22000828,1610612757,1610612738,0,0,115.0,116.0
22000827,1610612756,1610612748,0,0,106.0,86.0
22000817,1610612750,1610612751,0,0,97.0,127.0
22000826,1610612762,1610612760,0,0,106.0,96.0
22000825,1610612766,1610612747,0,1,93.0,101.0
22000824,1610612761,1610612737,0,0,103.0,108.0
22000819,1610612740,1610612758,1,0,117.0,110.0
22000821,1610612744,1610612743,0,1,116.0,107.0
22000816,1610612753,1610612759,0,0,97.0,120.0
22000278,1610612763,1610612741,0,0,101.0,90.0
22000818,1610612742,1610612755,0,0,95.0,113.0
22000820,1610612762,1610612764,1,0,121.0,125.0
22000815,1610612752,1610612747,1,0,111.0,96.0
22000822,1610612756,1610612745,0,0,126.0,120.0
22000811,1610612763,1610612754,0,0,125.0,132.0
22000810,1610612742,1610612759,0,0,117.0,119.0
22000814,1610612757,1610612748,0,0,98.0,107.0
22000812,1610612750,1610612741,0,0,121.0,117.0
22000805,1610612766,1610612737,0,0,101.0,105.0
22000808,1610612753,1610612749,0,0,87.0,124.0
22000807,1610612739,1610612740,0,0,109.0,116.0
22000813,1610612746,1610612765,0,0,131.0,124.0
22000809,1610612752,1610612761,0,0,102.0,96.0
22000806,1610612743,1610612738,0,0,87.0,105.0
22000803,1610612756,1610612764,0,0,134.0,106.0
22000801,1610612762,1610612758,0,0,128.0,112.0
22000802,1610612744,1610612745,0,0,125.0,109.0
22000794,1610612739,1610612761,0,0,,
22000804,1610612757,1610612765,0,0,118.0,103.0
22000199,1610612760,1610612755,0,0,93.0,117.0
22000800,1610612751,1610612747,0,1,101.0,126.0
22000791,1610612737,1610612741,0,0,120.0,108.0
22000798,1610612744,1610612764,0,0,107.0,110.0
22000797,1610612743,1610612759,0,0,121.0,119.0
22000790,1610612753,1610612754,0,0,106.0,111.0
22000792,1610612738,1610612750,0,0,145.0,136.0
22000796,1610612749,1610612766,0,0,119.0,127.0
22000799,1610612746,1610612745,0,0,126.0,109.0
22000795,1610612740,1610612755,0,1,101.0,94.0
22000793,1610612752,1610612763,0,0,133.0,129.0
22000787,1610612762,1610612757,0,0,122.0,103.0
22000785,1610612760,1610612739,0,0,102.0,129.0
22000784,1610612748,1610612747,0,0,110.0,104.0
22000788,1610612746,1610612756,1,1,113.0,103.0
22000789,1610612758,1610612765,0,0,101.0,113.0
22000523,1610612761,1610612741,0,0,113.0,122.0
22000786,1610612742,1610612749,0,0,116.0,101.0
22000777,1610612753,1610612764,0,1,116.0,131.0
22000456,1610612745,1610612742,0,0,102.0,93.0
22000783,1610612756,1610612762,0,0,117.0,113.0
22000776,1610612754,1610612750,0,0,141.0,137.0
22000781,1610612760,1610612766,0,0,102.0,113.0
22000782,1610612743,1610612759,0,0,106.0,96.0
22000780,1610612737,1610612763,0,0,113.0,131.0
22000779,1610612751,1610612740,0,0,139.0,111.0
22000778,1610612738,1610612752,0,0,101.0,99.0
22000770,1610612737,1610612740,0,0,123.0,107.0
22000774,1610612744,1610612749,0,0,122.0,121.0
22000775,1610612746,1610612757,0,0,133.0,116.0
22000772,1610612761,1610612747,0,0,101.0,110.0
22000771,1610612738,1610612755,0,0,96.0,106.0
22000321,1610612743,1610612765,0,0,134.0,119.0
22000769,1610612754,1610612741,0,0,97.0,113.0
22000773,1610612748,1610612763,1,0,112.0,124.0
22000765,1610612750,1610612758,0,0,116.0,106.0
22000767,1610612759,1610612739,0,0,101.0,125.0
22000762,1610612751,1610612752,0,0,114.0,112.0
22000766,1610612760,1610612765,0,1,108.0,132.0
22000764,1610612742,1610612762,0,0,111.0,103.0
22000763,1610612761,1610612764,0,0,103.0,101.0
22000768,1610612745,1610612756,0,1,130.0,133.0
22000758,1610612755,1610612763,0,0,100.0,116.0
22000757,1610612738,1610612766,0,0,116.0,86.0
22000761,1610612743,1610612753,0,0,119.0,109.0
22000760,1610612745,1610612740,0,0,115.0,122.0
22000759,1610612737,1610612744,0,0,117.0,111.0
22000756,1610612746,1610612747,0,0,104.0,86.0
22000755,1610612741,1610612751,0,0,115.0,107.0
22000753,1610612757,1610612760,1,0,133.0,85.0
22000751,1610612759,1610612754,0,0,133.0,139.0
22000747,1610612764,1610612742,0,0,87.0,109.0
22000754,1610612758,1610612749,0,0,128.0,129.0
22000750,1610612755,1610612750,1,0,122.0,113.0
22000748,1610612765,1610612752,0,0,81.0,125.0
22000752,1610612762,1610612753,0,0,137.0,91.0
22000749,1610612748,1610612739,0,0,115.0,101.0
22000737,1610612761,1610612744,0,1,130.0,77.0
22000746,1610612758,1610612747,0,0,94.0,115.0
22000743,1610612762,1610612741,0,0,113.0,106.0
22000738,1610612738,1610612745,0,0,118.0,102.0
22000742,1610612740,1610612737,1,0,103.0,126.0
22000744,1610612756,1610612760,0,0,140.0,103.0
22000740,1610612754,1610612766,0,0,97.0,114.0
22000745,1610612757,1610612749,0,0,109.0,127.0
22000741,1610612763,1610612750,0,0,120.0,108.0
22000739,1610612752,1610612742,0,0,86.0,99.0
22000734,1610612740,1610612753,0,0,110.0,115.0
22000735,1610612759,1610612737,0,0,129.0,134.0
22000179,1610612765,1610612764,0,0,120.0,91.0
22000731,1610612739,1610612755,0,0,94.0,114.0
22000733,1610612748,1610612744,0,0,116.0,109.0
22000736,1610612746,1610612743,0,0,94.0,101.0
22000732,1610612751,1610612766,0,0,111.0,89.0
22000727,1610612760,1610612761,0,0,113.0,103.0
22000725,1610612763,1610612762,0,0,107.0,111.0
22000723,1610612738,1610612742,0,0,108.0,113.0
22000722,1610612754,1610612748,0,0,87.0,92.0
22000730,1610612756,1610612741,0,1,121.0,116.0
22000729,1610612747,1610612749,0,1,97.0,112.0
22000721,1610612765,1610612757,0,0,101.0,124.0
22000724,1610612751,1610612745,0,0,120.0,108.0
22000728,1610612759,1610612758,0,0,120.0,106.0
22000726,1610612750,1610612752,0,0,102.0,101.0
22000719,1610612743,1610612755,0,1,104.0,95.0
22000718,1610612764,1610612766,0,0,104.0,114.0
22000171,1610612756,1610612737,0,1,117.0,110.0
22000720,1610612746,1610612753,0,0,96.0,103.0
22000713,1610612760,1610612742,0,0,106.0,127.0
22000715,1610612762,1610612739,0,0,114.0,75.0
22000707,1610612764,1610612754,0,1,132.0,124.0
22000717,1610612746,1610612749,0,0,129.0,105.0
22000716,1610612744,1610612741,0,0,116.0,102.0
22000710,1610612752,1610612748,0,0,88.0,98.0
22000708,1610612738,1610612740,2,0,109.0,115.0
22000714,1610612759,1610612758,0,0,115.0,132.0
22000709,1610612751,1610612750,0,0,112.0,107.0
22000712,1610612745,1610612763,1,1,110.0,120.0
22000711,1610612765,1610612761,0,0,118.0,104.0
22000704,1610612761,1610612757,1,0,117.0,122.0
22000706,1610612747,1610612753,0,0,96.0,93.0
22000705,1610612743,1610612737,0,0,126.0,102.0
22000703,1610612766,1610612756,1,0,97.0,101.0
22000698,1610612740,1610612742,0,0,112.0,103.0
22000695,1610612749,1610612752,0,0,96.0,102.0
22000701,1610612746,1610612755,1,0,122.0,112.0
22000696,1610612750,1610612745,0,0,107.0,129.0
22000700,1610612762,1610612763,0,0,126.0,110.0
22000697,1610612759,1610612741,0,0,120.0,104.0
22000694,1610612764,1610612765,0,0,106.0,92.0
22000699,1610612760,1610612738,0,0,94.0,111.0
22000702,1610612758,1610612739,0,0,100.0,98.0
22000693,1610612747,1610612739,1,1,100.0,86.0
22000685,1610612749,1610612738,0,0,114.0,122.0
22000687,1610612753,1610612757,0,0,105.0,112.0
22000683,1610612765,1610612751,1,0,111.0,113.0
22000688,1610612750,1610612745,0,0,107.0,101.0
22000689,1610612740,1610612743,0,0,108.0,113.0
22000691,1610612762,1610612763,0,0,117.0,114.0
22000690,1610612742,1610612754,0,0,94.0,109.0
22000692,1610612744,1610612737,0,0,108.0,124.0
22000686,1610612766,1610612748,0,0,110.0,105.0
22000684,1610612761,1610612756,0,0,100.0,104.0
22000679,1610612752,1610612764,0,0,106.0,102.0
22000680,1610612759,1610612746,0,0,85.0,98.0
22000681,1610612747,1610612755,0,0,101.0,109.0
22000682,1610612758,1610612744,0,0,141.0,119.0
22000678,1610612748,1610612757,0,0,122.0,125.0
22000671,1610612741,1610612739,0,0,94.0,103.0
22000670,1610612753,1610612756,0,0,112.0,111.0
22000667,1610612754,1610612765,0,1,116.0,111.0
22000674,1610612760,1610612763,0,0,107.0,116.0
22000676,1610612762,1610612751,0,0,118.0,88.0
22000673,1610612750,1610612742,0,0,108.0,128.0
22000675,1610612759,1610612746,0,0,101.0,134.0
22000677,1610612758,1610612737,0,0,110.0,108.0
22000668,1610612761,1610612743,0,0,135.0,111.0
22000669,1610612749,1610612738,0,0,121.0,119.0
22000672,1610612745,1610612766,1,0,97.0,122.0
22000665,1610612744,1610612755,0,0,98.0,108.0
22000662,1610612752,1610612764,0,0,131.0,113.0
22000663,1610612740,1610612747,0,0,128.0,111.0
22000666,1610612757,1610612751,0,0,112.0,116.0
22000664,1610612748,1610612756,0,0,100.0,110.0
22000661,1610612753,1610612743,0,0,99.0,110.0
22000658,1610612763,1610612738,0,0,132.0,126.0
22000654,1610612750,1610612760,0,0,103.0,112.0
22000655,1610612759,1610612766,0,0,97.0,100.0
22000657,1610612745,1610612761,0,0,117.0,99.0
22000653,1610612739,1610612758,0,0,105.0,119.0
22000660,1610612746,1610612737,0,1,119.0,110.0
22000659,1610612749,1610612754,0,0,140.0,113.0
22000656,1610612741,1610612762,0,0,95.0,120.0
22000016,1610612745,1610612760,0,0,112.0,114.0
22000646,1610612743,1610612740,0,0,108.0,113.0
22000645,1610612748,1610612754,0,0,106.0,109.0
22000167,1610612738,1610612753,0,0,112.0,96.0
22000649,1610612765,1610612741,0,0,86.0,100.0
22000648,1610612739,1610612761,0,0,116.0,105.0
22000647,1610612751,1610612764,0,0,113.0,106.0
22000652,1610612757,1610612742,0,0,92.0,132.0
22000650,1610612752,1610612755,0,1,100.0,101.0
22000651,1610612756,1610612747,0,0,111.0,94.0
22000642,1610612763,1610612744,0,0,111.0,103.0
22000643,1610612749,1610612759,0,0,120.0,113.0
22000640,1610612747,1610612737,0,0,94.0,99.0
22000644,1610612746,1610612766,0,0,125.0,98.0
22000641,1610612755,1610612758,0,0,129.0,105.0
22000631,1610612738,1610612758,0,0,96.0,107.0
22000635,1610612745,1610612765,1,0,100.0,113.0
22000632,1610612748,1610612754,0,0,110.0,137.0
22000634,1610612761,1610612762,0,0,112.0,115.0
22000633,1610612753,1610612751,0,0,121.0,113.0
22000638,1610612756,1610612750,0,1,113.0,101.0
22000637,1610612743,1610612741,0,1,131.0,127.0
22000435,1610612739,1610612759,0,0,110.0,116.0
22000636,1610612763,1610612744,0,0,103.0,116.0
22000639,1610612757,1610612742,0,0,125.0,119.0
22000630,1610612747,1610612766,0,0,116.0,105.0
22000628,1610612756,1610612750,0,0,119.0,123.0
22000626,1610612737,1610612760,0,0,116.0,93.0
22000627,1610612752,1610612753,0,0,94.0,93.0
22000166,1610612764,1610612762,0,0,131.0,122.0
22000629,1610612757,1610612740,0,1,101.0,93.0
22000620,1610612739,1610612738,0,1,117.0,110.0
22000618,1610612755,1610612749,0,0,105.0,109.0
22000621,1610612741,1610612759,0,0,99.0,106.0
22000617,1610612754,1610612751,1,0,115.0,124.0
22000616,1610612765,1610612761,2,0,116.0,112.0
22000624,1610612743,1610612766,0,0,129.0,104.0
22000625,1610612742,1610612746,0,0,105.0,89.0
22000623,1610612763,1610612748,0,0,89.0,85.0
22000619,1610612764,1610612758,0,0,119.0,121.0
22000622,1610612745,1610612744,0,0,94.0,108.0
22000615,1610612747,1610612750,0,0,137.0,121.0
22000611,1610612755,1610612752,0,0,99.0,96.0
22000613,1610612745,1610612737,0,0,107.0,119.0
22000609,1610612738,1610612762,1,0,109.0,117.0
22000612,1610612741,1610612760,0,0,123.0,102.0
22000610,1610612748,1610612739,0,0,113.0,98.0
22000614,1610612757,1610612740,0,0,125.0,124.0
22000604,1610612751,1610612752,0,0,117.0,112.0
22000607,1610612756,1610612763,0,0,122.0,99.0
22000606,1610612743,1610612754,0,0,121.0,106.0
22000608,1610612744,1610612747,0,0,97.0,128.0
